run_id,ts,path,sf,dim_scenario,tier,query_id,run_type,iter,latency_ms,status,rows,result_hash,hash_match,pushdown,pg_main_cpu_s,pg_main_pgduck_cpu_s,pg_main_peak_mem_mb,engine_cpu_s,engine_peak_mem_mb,s3_bytes_read,s3_requests,resource_mode,versions_json,error
98a89fdd,2026-09-25T10:48:59,A,10,D1,L1,q01,warmup,0,1335.8,ok,4,4666818bed4e74d6b6aac274a0444bc6,ref,,3.136,2.93,278,3.136,278,156619038,424,per-node,"{""postgres"":""18.6"",""pg_lake"":""3.5"",""pg_clickhouse"":""0.10"",""pg_lake_duckdb"":""v1.5.5""}",
98a89fdd,2026-09-25T10:49:00,A,10,D1,L1,q01,warm,1,944.9,ok,4,4666818bed4e74d6b6aac274a0444bc6,ref,,2.859,2.65,268,2.859,268,156619038,424,per-node,"{""postgres"":""18.6"",""pg_lake"":""3.5"",""pg_clickhouse"":""0.10"",""pg_lake_duckdb"":""v1.5.5""}",
98a89fdd,2026-09-25T10:49:01,A,10,D1,L1,q01,warm,2,917.7,ok,4,4666818bed4e74d6b6aac274a0444bc6,ref,,2.774,2.56,260,2.774,260,156619038,424,per-node,"{""postgres"":""18.6"",""pg_lake"":""3.5"",""pg_clickhouse"":""0.10"",""pg_lake_duckdb"":""v1.5.5""}",
98a89fdd,2026-09-25T10:49:02,A,10,D1,L1,q01,warm,3,921.2,ok,4,4666818bed4e74d6b6aac274a0444bc6,ref,,2.763,2.55,273,2.763,273,156619038,424,per-node,"{""postgres"":""18.6"",""pg_lake"":""3.5"",""pg_clickhouse"":""0.10"",""pg_lake_duckdb"":""v1.5.5""}",
98a89fdd,2026-09-25T10:49:03,A,10,D1,L1,q01,warm,4,920.8,ok,4,4666818bed4e74d6b6aac274a0444bc6,ref,,2.806,2.61,274,2.806,274,156619038,424,per-node,"{""postgres"":""18.6"",""pg_lake"":""3.5"",""pg_clickhouse"":""0.10"",""pg_lake_duckdb"":""v1.5.5""}",
98a89fdd,2026-09-25T10:49:04,A,10,D1,L1,q01,warm,5,926.5,ok,4,4666818bed4e74d6b6aac274a0444bc6,ref,,2.858,2.65,271,2.858,271,156619038,424,per-node,"{""postgres"":""18.6"",""pg_lake"":""3.5"",""pg_clickhouse"":""0.10"",""pg_lake_duckdb"":""v1.5.5""}",
98a89fdd,2026-09-25T10:49:05,A,10,D1,L1,q01,explain,,,ok,,,,full,,,,,,,,per-node,,
98a89fdd,2026-09-25T10:49:05,A,10,D1,L1,q06,warmup,0,234.7,ok,1,6c1f4735578e5fad829c380f90ee6e07,ref,,0.337,0.15,264,0.337,264,10794727,60,per-node,"{""postgres"":""18.6"",""pg_lake"":""3.5"",""pg_clickhouse"":""0.10"",""pg_lake_duckdb"":""v1.5.5""}",
98a89fdd,2026-09-25T10:49:05,A,10,D1,L1,q06,warm,1,232.7,ok,1,6c1f4735578e5fad829c380f90ee6e07,ref,,0.337,0.14,268,0.337,268,10794727,60,per-node,"{""postgres"":""18.6"",""pg_lake"":""3.5"",""pg_clickhouse"":""0.10"",""pg_lake_duckdb"":""v1.5.5""}",
98a89fdd,2026-09-25T10:49:06,A,10,D1,L1,q06,warm,2,264.3,ok,1,6c1f4735578e5fad829c380f90ee6e07,ref,,0.399,0.2,266,0.399,266,10794727,60,per-node,"{""postgres"":""18.6"",""pg_lake"":""3.5"",""pg_clickhouse"":""0.10"",""pg_lake_duckdb"":""v1.5.5""}",
98a89fdd,2026-09-25T10:49:06,A,10,D1,L1,q06,warm,3,232.9,ok,1,6c1f4735578e5fad829c380f90ee6e07,ref,,0.337,0.13,264,0.337,264,10794727,60,per-node,"{""postgres"":""18.6"",""pg_lake"":""3.5"",""pg_clickhouse"":""0.10"",""pg_lake_duckdb"":""v1.5.5""}",
98a89fdd,2026-09-25T10:49:06,A,10,D1,L1,q06,warm,4,231.9,ok,1,6c1f4735578e5fad829c380f90ee6e07,ref,,0.333,0.14,267,0.333,267,10794727,60,per-node,"{""postgres"":""18.6"",""pg_lake"":""3.5"",""pg_clickhouse"":""0.10"",""pg_lake_duckdb"":""v1.5.5""}",
98a89fdd,2026-09-25T10:49:07,A,10,D1,L1,q06,warm,5,234.8,ok,1,6c1f4735578e5fad829c380f90ee6e07,ref,,0.334,0.15,266,0.334,266,10794727,60,per-node,"{""postgres"":""18.6"",""pg_lake"":""3.5"",""pg_clickhouse"":""0.10"",""pg_lake_duckdb"":""v1.5.5""}",
98a89fdd,2026-09-25T10:49:07,A,10,D1,L1,q06,explain,,,ok,,,,full,,,,,,,,per-node,,
98a89fdd,2026-09-25T10:49:07,A,10,D1,L1,c1,warmup,0,319.3,ok,3,1128543b1bfc510a9ad63bb1a456b415,ref,,0.699,0.5,261,0.699,261,0,0,per-node,"{""postgres"":""18.6"",""pg_lake"":""3.5"",""pg_clickhouse"":""0.10"",""pg_lake_duckdb"":""v1.5.5""}",
98a89fdd,2026-09-25T10:49:08,A,10,D1,L1,c1,warm,1,352.2,ok,3,1128543b1bfc510a9ad63bb1a456b415,ref,,0.804,0.6,258,0.804,258,0,0,per-node,"{""postgres"":""18.6"",""pg_lake"":""3.5"",""pg_clickhouse"":""0.10"",""pg_lake_duckdb"":""v1.5.5""}",
98a89fdd,2026-09-25T10:49:08,A,10,D1,L1,c1,warm,2,326.9,ok,3,1128543b1bfc510a9ad63bb1a456b415,ref,,0.708,0.51,258,0.708,258,0,0,per-node,"{""postgres"":""18.6"",""pg_lake"":""3.5"",""pg_clickhouse"":""0.10"",""pg_lake_duckdb"":""v1.5.5""}",
98a89fdd,2026-09-25T10:49:09,A,10,D1,L1,c1,warm,3,322.5,ok,3,1128543b1bfc510a9ad63bb1a456b415,ref,,0.693,0.49,258,0.693,258,0,0,per-node,"{""postgres"":""18.6"",""pg_lake"":""3.5"",""pg_clickhouse"":""0.10"",""pg_lake_duckdb"":""v1.5.5""}",
98a89fdd,2026-09-25T10:49:09,A,10,D1,L1,c1,warm,4,335.4,ok,3,1128543b1bfc510a9ad63bb1a456b415,ref,,0.712,0.5,258,0.712,258,0,0,per-node,"{""postgres"":""18.6"",""pg_lake"":""3.5"",""pg_clickhouse"":""0.10"",""pg_lake_duckdb"":""v1.5.5""}",
98a89fdd,2026-09-25T10:49:09,A,10,D1,L1,c1,warm,5,315.0,ok,3,1128543b1bfc510a9ad63bb1a456b415,ref,,0.692,0.5,258,0.692,258,0,0,per-node,"{""postgres"":""18.6"",""pg_lake"":""3.5"",""pg_clickhouse"":""0.10"",""pg_lake_duckdb"":""v1.5.5""}",
98a89fdd,2026-09-25T10:49:10,A,10,D1,L1,c1,explain,,,ok,,,,full,,,,,,,,per-node,,
98a89fdd,2026-09-25T10:49:10,A,10,D1,L2,c2,warmup,0,743.8,ok,100,ebad6c8c157e2dc7b33d37e20a730e1b,ref,,1.729,1.59,786,1.729,786,147638551,371,per-node,"{""postgres"":""18.6"",""pg_lake"":""3.5"",""pg_clickhouse"":""0.10"",""pg_lake_duckdb"":""v1.5.5""}",
98a89fdd,2026-09-25T10:49:11,A,10,D1,L2,c2,warm,1,535.3,ok,100,ebad6c8c157e2dc7b33d37e20a730e1b,ref,,1.373,1.22,1116,1.373,1116,147638551,371,per-node,"{""postgres"":""18.6"",""pg_lake"":""3.5"",""pg_clickhouse"":""0.10"",""pg_lake_duckdb"":""v1.5.5""}",
98a89fdd,2026-09-25T10:49:12,A,10,D1,L2,c2,warm,2,524.1,ok,100,ebad6c8c157e2dc7b33d37e20a730e1b,ref,,1.348,1.23,929,1.348,929,147638551,371,per-node,"{""postgres"":""18.6"",""pg_lake"":""3.5"",""pg_clickhouse"":""0.10"",""pg_lake_duckdb"":""v1.5.5""}",
98a89fdd,2026-09-25T10:49:12,A,10,D1,L2,c2,warm,3,486.3,ok,100,ebad6c8c157e2dc7b33d37e20a730e1b,ref,,1.26,1.14,738,1.26,738,147638551,371,per-node,"{""postgres"":""18.6"",""pg_lake"":""3.5"",""pg_clickhouse"":""0.10"",""pg_lake_duckdb"":""v1.5.5""}",
98a89fdd,2026-09-25T10:49:13,A,10,D1,L2,c2,warm,4,538.2,ok,100,ebad6c8c157e2dc7b33d37e20a730e1b,ref,,1.397,1.27,731,1.397,731,147638551,371,per-node,"{""postgres"":""18.6"",""pg_lake"":""3.5"",""pg_clickhouse"":""0.10"",""pg_lake_duckdb"":""v1.5.5""}",
98a89fdd,2026-09-25T10:49:13,A,10,D1,L2,c2,warm,5,487.2,ok,100,ebad6c8c157e2dc7b33d37e20a730e1b,ref,,1.278,1.15,506,1.278,506,147638551,371,per-node,"{""postgres"":""18.6"",""pg_lake"":""3.5"",""pg_clickhouse"":""0.10"",""pg_lake_duckdb"":""v1.5.5""}",
98a89fdd,2026-09-25T10:49:14,A,10,D1,L2,c2,explain,,,ok,,,,full,,,,,,,,per-node,,
98a89fdd,2026-09-25T10:49:14,A,10,D1,L3,q03,warmup,0,843.2,ok,10,d10087d41590d7f2abc43049e1439e2f,ref,,1.497,1.18,521,1.497,521,187401490,891,per-node,"{""postgres"":""18.6"",""pg_lake"":""3.5"",""pg_clickhouse"":""0.10"",""pg_lake_duckdb"":""v1.5.5""}",
98a89fdd,2026-09-25T10:49:15,A,10,D1,L3,q03,warm,1,770.6,ok,10,d10087d41590d7f2abc43049e1439e2f,ref,,1.447,1.13,319,1.447,319,187401490,891,per-node,"{""postgres"":""18.6"",""pg_lake"":""3.5"",""pg_clickhouse"":""0.10"",""pg_lake_duckdb"":""v1.5.5""}",
98a89fdd,2026-09-25T10:49:16,A,10,D1,L3,q03,warm,2,792.3,ok,10,d10087d41590d7f2abc43049e1439e2f,ref,,1.478,1.14,356,1.478,356,187401490,891,per-node,"{""postgres"":""18.6"",""pg_lake"":""3.5"",""pg_clickhouse"":""0.10"",""pg_lake_duckdb"":""v1.5.5""}",
98a89fdd,2026-09-25T10:49:17,A,10,D1,L3,q03,warm,3,799.1,ok,10,d10087d41590d7f2abc43049e1439e2f,ref,,1.468,1.14,360,1.468,360,187401490,891,per-node,"{""postgres"":""18.6"",""pg_lake"":""3.5"",""pg_clickhouse"":""0.10"",""pg_lake_duckdb"":""v1.5.5""}",
98a89fdd,2026-09-25T10:49:18,A,10,D1,L3,q03,warm,4,813.0,ok,10,d10087d41590d7f2abc43049e1439e2f,ref,,1.47,1.15,344,1.47,344,187401490,891,per-node,"{""postgres"":""18.6"",""pg_lake"":""3.5"",""pg_clickhouse"":""0.10"",""pg_lake_duckdb"":""v1.5.5""}",
98a89fdd,2026-09-25T10:49:19,A,10,D1,L3,q03,warm,5,821.5,ok,10,d10087d41590d7f2abc43049e1439e2f,ref,,1.478,1.18,349,1.478,349,187401490,891,per-node,"{""postgres"":""18.6"",""pg_lake"":""3.5"",""pg_clickhouse"":""0.10"",""pg_lake_duckdb"":""v1.5.5""}",
98a89fdd,2026-09-25T10:49:19,A,10,D1,L3,q03,explain,,,ok,,,,full,,,,,,,,per-node,,
98a89fdd,2026-09-25T10:49:21,A,10,D1,L3,q05,warmup,0,1107.2,ok,5,0424f495823a23ad6284780e97379394,ref,,2.185,1.85,353,2.185,353,298277775,754,per-node,"{""postgres"":""18.6"",""pg_lake"":""3.5"",""pg_clickhouse"":""0.10"",""pg_lake_duckdb"":""v1.5.5""}",
98a89fdd,2026-09-25T10:49:22,A,10,D1,L3,q05,warm,1,928.6,ok,5,0424f495823a23ad6284780e97379394,ref,,2.063,1.75,358,2.063,358,298277775,754,per-node,"{""postgres"":""18.6"",""pg_lake"":""3.5"",""pg_clickhouse"":""0.10"",""pg_lake_duckdb"":""v1.5.5""}",
98a89fdd,2026-09-25T10:49:23,A,10,D1,L3,q05,warm,2,933.1,ok,5,0424f495823a23ad6284780e97379394,ref,,2.067,1.75,357,2.067,357,298277775,754,per-node,"{""postgres"":""18.6"",""pg_lake"":""3.5"",""pg_clickhouse"":""0.10"",""pg_lake_duckdb"":""v1.5.5""}",
98a89fdd,2026-09-25T10:49:24,A,10,D1,L3,q05,warm,3,933.6,ok,5,0424f495823a23ad6284780e97379394,ref,,2.046,1.73,356,2.046,356,298277775,754,per-node,"{""postgres"":""18.6"",""pg_lake"":""3.5"",""pg_clickhouse"":""0.10"",""pg_lake_duckdb"":""v1.5.5""}",
98a89fdd,2026-09-25T10:49:25,A,10,D1,L3,q05,warm,4,934.1,ok,5,0424f495823a23ad6284780e97379394,ref,,2.086,1.78,358,2.086,358,298277775,754,per-node,"{""postgres"":""18.6"",""pg_lake"":""3.5"",""pg_clickhouse"":""0.10"",""pg_lake_duckdb"":""v1.5.5""}",
98a89fdd,2026-09-25T10:49:26,A,10,D1,L3,q05,warm,5,941.3,ok,5,0424f495823a23ad6284780e97379394,ref,,2.109,1.78,357,2.109,357,298277775,754,per-node,"{""postgres"":""18.6"",""pg_lake"":""3.5"",""pg_clickhouse"":""0.10"",""pg_lake_duckdb"":""v1.5.5""}",
98a89fdd,2026-09-25T10:49:26,A,10,D1,L3,q05,explain,,,ok,,,,full,,,,,,,,per-node,,
98a89fdd,2026-09-25T10:49:29,A,10,D1,L4,q18,warmup,0,2373.2,ok,100,16bad3d106fea024e529619b17fef319,ref,,6.121,5.58,2252,6.121,2252,388716443,1624,per-node,"{""postgres"":""18.6"",""pg_lake"":""3.5"",""pg_clickhouse"":""0.10"",""pg_lake_duckdb"":""v1.5.5""}",
98a89fdd,2026-09-25T10:49:31,A,10,D1,L4,q18,warm,1,2089.5,ok,100,16bad3d106fea024e529619b17fef319,ref,,5.125,4.63,2212,5.125,2212,388716443,1624,per-node,"{""postgres"":""18.6"",""pg_lake"":""3.5"",""pg_clickhouse"":""0.10"",""pg_lake_duckdb"":""v1.5.5""}",
98a89fdd,2026-09-25T10:49:33,A,10,D1,L4,q18,warm,2,2130.7,ok,100,16bad3d106fea024e529619b17fef319,ref,,5.229,4.72,2188,5.229,2188,388716443,1624,per-node,"{""postgres"":""18.6"",""pg_lake"":""3.5"",""pg_clickhouse"":""0.10"",""pg_lake_duckdb"":""v1.5.5""}",
98a89fdd,2026-09-25T10:49:36,A,10,D1,L4,q18,warm,3,2759.8,ok,100,16bad3d106fea024e529619b17fef319,ref,,9.324,8.78,2438,9.324,2438,1396044450,721,per-node,"{""postgres"":""18.6"",""pg_lake"":""3.5"",""pg_clickhouse"":""0.10"",""pg_lake_duckdb"":""v1.5.5""}",
98a89fdd,2026-09-25T10:49:37,A,10,D1,L4,q18,warm,4,1583.0,ok,100,16bad3d106fea024e529619b17fef319,ref,,4.544,4.05,2111,4.544,2111,0,0,per-node,"{""postgres"":""18.6"",""pg_lake"":""3.5"",""pg_clickhouse"":""0.10"",""pg_lake_duckdb"":""v1.5.5""}",
98a89fdd,2026-09-25T10:49:39,A,10,D1,L4,q18,warm,5,1742.1,ok,100,16bad3d106fea024e529619b17fef319,ref,,5.349,4.82,2329,5.349,2329,0,0,per-node,"{""postgres"":""18.6"",""pg_lake"":""3.5"",""pg_clickhouse"":""0.10"",""pg_lake_duckdb"":""v1.5.5""}",
98a89fdd,2026-09-25T10:49:40,A,10,D1,L4,q18,explain,,,ok,,,,full,,,,,,,,per-node,,
98a89fdd,2026-09-25T10:49:41,A,10,D1,L5,c5,warmup,0,873.0,ok,13,2df226e9ca353f2fa0c8d1343bb0267b,ref,,1.436,0.46,585,1.436,585,0,0,per-node,"{""postgres"":""18.6"",""pg_lake"":""3.5"",""pg_clickhouse"":""0.10"",""pg_lake_duckdb"":""v1.5.5""}",
98a89fdd,2026-09-25T10:49:42,A,10,D1,L5,c5,warm,1,842.5,ok,13,2df226e9ca353f2fa0c8d1343bb0267b,ref,,1.323,0.48,590,1.323,590,0,0,per-node,"{""postgres"":""18.6"",""pg_lake"":""3.5"",""pg_clickhouse"":""0.10"",""pg_lake_duckdb"":""v1.5.5""}",
98a89fdd,2026-09-25T10:49:43,A,10,D1,L5,c5,warm,2,835.9,ok,13,2df226e9ca353f2fa0c8d1343bb0267b,ref,,1.313,0.47,595,1.313,595,0,0,per-node,"{""postgres"":""18.6"",""pg_lake"":""3.5"",""pg_clickhouse"":""0.10"",""pg_lake_duckdb"":""v1.5.5""}",
98a89fdd,2026-09-25T10:49:44,A,10,D1,L5,c5,warm,3,845.9,ok,13,2df226e9ca353f2fa0c8d1343bb0267b,ref,,1.333,0.47,595,1.333,595,0,0,per-node,"{""postgres"":""18.6"",""pg_lake"":""3.5"",""pg_clickhouse"":""0.10"",""pg_lake_duckdb"":""v1.5.5""}",
98a89fdd,2026-09-25T10:49:45,A,10,D1,L5,c5,warm,4,846.5,ok,13,2df226e9ca353f2fa0c8d1343bb0267b,ref,,1.34,0.49,596,1.34,596,0,0,per-node,"{""postgres"":""18.6"",""pg_lake"":""3.5"",""pg_clickhouse"":""0.10"",""pg_lake_duckdb"":""v1.5.5""}",
98a89fdd,2026-09-25T10:49:46,A,10,D1,L5,c5,warm,5,844.5,ok,13,2df226e9ca353f2fa0c8d1343bb0267b,ref,,1.333,0.49,597,1.333,597,0,0,per-node,"{""postgres"":""18.6"",""pg_lake"":""3.5"",""pg_clickhouse"":""0.10"",""pg_lake_duckdb"":""v1.5.5""}",
98a89fdd,2026-09-25T10:49:46,A,10,D1,L5,c5,explain,,,ok,,,,partial,,,,,,,,per-node,,
98a89fdd,2026-09-25T10:49:46,A,10,D1,L5,c6,warmup,0,350.4,ok,1,a7855601849196043e15a2e5b2475b27,ref,,0.454,0.13,597,0.454,597,0,0,per-node,"{""postgres"":""18.6"",""pg_lake"":""3.5"",""pg_clickhouse"":""0.10"",""pg_lake_duckdb"":""v1.5.5""}",
98a89fdd,2026-09-25T10:49:47,A,10,D1,L5,c6,warm,1,340.3,ok,1,a7855601849196043e15a2e5b2475b27,ref,,0.441,0.12,594,0.441,594,0,0,per-node,"{""postgres"":""18.6"",""pg_lake"":""3.5"",""pg_clickhouse"":""0.10"",""pg_lake_duckdb"":""v1.5.5""}",
98a89fdd,2026-09-25T10:49:47,A,10,D1,L5,c6,warm,2,340.3,ok,1,a7855601849196043e15a2e5b2475b27,ref,,0.433,0.12,600,0.433,600,0,0,per-node,"{""postgres"":""18.6"",""pg_lake"":""3.5"",""pg_clickhouse"":""0.10"",""pg_lake_duckdb"":""v1.5.5""}",
98a89fdd,2026-09-25T10:49:47,A,10,D1,L5,c6,warm,3,361.0,ok,1,a7855601849196043e15a2e5b2475b27,ref,,0.456,0.13,598,0.456,598,0,0,per-node,"{""postgres"":""18.6"",""pg_lake"":""3.5"",""pg_clickhouse"":""0.10"",""pg_lake_duckdb"":""v1.5.5""}",
98a89fdd,2026-09-25T10:49:48,A,10,D1,L5,c6,warm,4,347.3,ok,1,a7855601849196043e15a2e5b2475b27,ref,,0.448,0.14,598,0.448,598,0,0,per-node,"{""postgres"":""18.6"",""pg_lake"":""3.5"",""pg_clickhouse"":""0.10"",""pg_lake_duckdb"":""v1.5.5""}",
98a89fdd,2026-09-25T10:49:48,A,10,D1,L5,c6,warm,5,370.2,ok,1,a7855601849196043e15a2e5b2475b27,ref,,0.52,0.21,595,0.52,595,0,0,per-node,"{""postgres"":""18.6"",""pg_lake"":""3.5"",""pg_clickhouse"":""0.10"",""pg_lake_duckdb"":""v1.5.5""}",
98a89fdd,2026-09-25T10:49:49,A,10,D1,L5,c6,explain,,,ok,,,,partial,,,,,,,,per-node,,
98a89fdd,2026-09-25T10:49:55,B2,10,D1,L1,q01,warmup,0,1448.9,ok,4,4666818bed4e74d6b6aac274a0444bc6,yes,,,,,3.342,455,418209275,1068,per-node,"{""pg_duckdb_main"":""1.2.0"",""pg_duckdb_main_duckdb"":""v1.5.4""}",
98a89fdd,2026-09-25T10:49:55,B2,10,D1,L1,q01,warm,1,666.9,ok,4,4666818bed4e74d6b6aac274a0444bc6,yes,,,,,2.454,582,16692,3,per-node,"{""pg_duckdb_main"":""1.2.0"",""pg_duckdb_main_duckdb"":""v1.5.4""}",
98a89fdd,2026-09-25T10:49:56,B2,10,D1,L1,q01,warm,2,607.6,ok,4,4666818bed4e74d6b6aac274a0444bc6,yes,,,,,2.264,586,16692,3,per-node,"{""pg_duckdb_main"":""1.2.0"",""pg_duckdb_main_duckdb"":""v1.5.4""}",
98a89fdd,2026-09-25T10:49:56,B2,10,D1,L1,q01,warm,3,624.9,ok,4,4666818bed4e74d6b6aac274a0444bc6,yes,,,,,2.336,588,16692,3,per-node,"{""pg_duckdb_main"":""1.2.0"",""pg_duckdb_main_duckdb"":""v1.5.4""}",
98a89fdd,2026-09-25T10:49:57,B2,10,D1,L1,q01,warm,4,628.2,ok,4,4666818bed4e74d6b6aac274a0444bc6,yes,,,,,2.359,581,16692,3,per-node,"{""pg_duckdb_main"":""1.2.0"",""pg_duckdb_main_duckdb"":""v1.5.4""}",
98a89fdd,2026-09-25T10:49:58,B2,10,D1,L1,q01,warm,5,605.3,ok,4,4666818bed4e74d6b6aac274a0444bc6,yes,,,,,2.277,580,16692,3,per-node,"{""pg_duckdb_main"":""1.2.0"",""pg_duckdb_main_duckdb"":""v1.5.4""}",
98a89fdd,2026-09-25T10:49:58,B2,10,D1,L1,q01,explain,,,ok,,,,full,,,,,,,,per-node,,
98a89fdd,2026-09-25T10:49:58,B2,10,D1,L1,q06,warmup,0,219.5,ok,1,6c1f4735578e5fad829c380f90ee6e07,yes,,,,,0.29,95,64727775,355,per-node,"{""pg_duckdb_main"":""1.2.0"",""pg_duckdb_main_duckdb"":""v1.5.4""}",
98a89fdd,2026-09-25T10:49:58,B2,10,D1,L1,q06,warm,1,68.1,ok,1,6c1f4735578e5fad829c380f90ee6e07,yes,,,,,0.13,222,16692,3,per-node,"{""pg_duckdb_main"":""1.2.0"",""pg_duckdb_main_duckdb"":""v1.5.4""}",
98a89fdd,2026-09-25T10:49:58,B2,10,D1,L1,q06,warm,2,64.6,ok,1,6c1f4735578e5fad829c380f90ee6e07,yes,,,,,0.125,234,16692,3,per-node,"{""pg_duckdb_main"":""1.2.0"",""pg_duckdb_main_duckdb"":""v1.5.4""}",
98a89fdd,2026-09-25T10:49:58,B2,10,D1,L1,q06,warm,3,65.4,ok,1,6c1f4735578e5fad829c380f90ee6e07,yes,,,,,0.131,226,16692,3,per-node,"{""pg_duckdb_main"":""1.2.0"",""pg_duckdb_main_duckdb"":""v1.5.4""}",
98a89fdd,2026-09-25T10:49:58,B2,10,D1,L1,q06,warm,4,64.6,ok,1,6c1f4735578e5fad829c380f90ee6e07,yes,,,,,0.127,220,16692,3,per-node,"{""pg_duckdb_main"":""1.2.0"",""pg_duckdb_main_duckdb"":""v1.5.4""}",
98a89fdd,2026-09-25T10:49:58,B2,10,D1,L1,q06,warm,5,65.9,ok,1,6c1f4735578e5fad829c380f90ee6e07,yes,,,,,0.125,214,16692,3,per-node,"{""pg_duckdb_main"":""1.2.0"",""pg_duckdb_main_duckdb"":""v1.5.4""}",
98a89fdd,2026-09-25T10:49:58,B2,10,D1,L1,q06,explain,,,ok,,,,full,,,,,,,,per-node,,
98a89fdd,2026-09-25T10:49:59,B2,10,D1,L1,c1,warmup,0,183.1,ok,3,1128543b1bfc510a9ad63bb1a456b415,yes,,,,,0.535,95,1622199,34,per-node,"{""pg_duckdb_main"":""1.2.0"",""pg_duckdb_main_duckdb"":""v1.5.4""}",
98a89fdd,2026-09-25T10:49:59,B2,10,D1,L1,c1,warm,1,165.8,ok,3,1128543b1bfc510a9ad63bb1a456b415,yes,,,,,0.519,137,16692,3,per-node,"{""pg_duckdb_main"":""1.2.0"",""pg_duckdb_main_duckdb"":""v1.5.4""}",
98a89fdd,2026-09-25T10:49:59,B2,10,D1,L1,c1,warm,2,186.8,ok,3,1128543b1bfc510a9ad63bb1a456b415,yes,,,,,0.509,137,16692,3,per-node,"{""pg_duckdb_main"":""1.2.0"",""pg_duckdb_main_duckdb"":""v1.5.4""}",
98a89fdd,2026-09-25T10:49:59,B2,10,D1,L1,c1,warm,3,165.4,ok,3,1128543b1bfc510a9ad63bb1a456b415,yes,,,,,0.515,137,16692,3,per-node,"{""pg_duckdb_main"":""1.2.0"",""pg_duckdb_main_duckdb"":""v1.5.4""}",
98a89fdd,2026-09-25T10:49:59,B2,10,D1,L1,c1,warm,4,163.6,ok,3,1128543b1bfc510a9ad63bb1a456b415,yes,,,,,0.515,132,16692,3,per-node,"{""pg_duckdb_main"":""1.2.0"",""pg_duckdb_main_duckdb"":""v1.5.4""}",
98a89fdd,2026-09-25T10:50:00,B2,10,D1,L1,c1,warm,5,168.1,ok,3,1128543b1bfc510a9ad63bb1a456b415,yes,,,,,0.517,133,16692,3,per-node,"{""pg_duckdb_main"":""1.2.0"",""pg_duckdb_main_duckdb"":""v1.5.4""}",
98a89fdd,2026-09-25T10:50:00,B2,10,D1,L1,c1,explain,,,ok,,,,full,,,,,,,,per-node,,
98a89fdd,2026-09-25T10:50:00,B2,10,D1,L2,c2,warmup,0,646.6,ok,100,ebad6c8c157e2dc7b33d37e20a730e1b,yes,,,,,1.749,995,147767850,303,per-node,"{""pg_duckdb_main"":""1.2.0"",""pg_duckdb_main_duckdb"":""v1.5.4""}",
98a89fdd,2026-09-25T10:50:01,B2,10,D1,L2,c2,warm,1,286.4,ok,100,ebad6c8c157e2dc7b33d37e20a730e1b,yes,,,,,0.993,1111,5475,3,per-node,"{""pg_duckdb_main"":""1.2.0"",""pg_duckdb_main_duckdb"":""v1.5.4""}",
98a89fdd,2026-09-25T10:50:01,B2,10,D1,L2,c2,warm,2,315.7,ok,100,ebad6c8c157e2dc7b33d37e20a730e1b,yes,,,,,1.175,1215,5475,3,per-node,"{""pg_duckdb_main"":""1.2.0"",""pg_duckdb_main_duckdb"":""v1.5.4""}",
98a89fdd,2026-09-25T10:50:01,B2,10,D1,L2,c2,warm,3,267.2,ok,100,ebad6c8c157e2dc7b33d37e20a730e1b,yes,,,,,0.935,1174,5475,3,per-node,"{""pg_duckdb_main"":""1.2.0"",""pg_duckdb_main_duckdb"":""v1.5.4""}",
98a89fdd,2026-09-25T10:50:02,B2,10,D1,L2,c2,warm,4,266.6,ok,100,ebad6c8c157e2dc7b33d37e20a730e1b,yes,,,,,0.929,934,5475,3,per-node,"{""pg_duckdb_main"":""1.2.0"",""pg_duckdb_main_duckdb"":""v1.5.4""}",
98a89fdd,2026-09-25T10:50:02,B2,10,D1,L2,c2,warm,5,269.5,ok,100,ebad6c8c157e2dc7b33d37e20a730e1b,yes,,,,,0.943,778,5475,3,per-node,"{""pg_duckdb_main"":""1.2.0"",""pg_duckdb_main_duckdb"":""v1.5.4""}",
98a89fdd,2026-09-25T10:50:02,B2,10,D1,L2,c2,explain,,,ok,,,,full,,,,,,,,per-node,,
98a89fdd,2026-09-25T10:50:03,B2,10,D1,L3,q03,warmup,0,820.7,ok,10,d10087d41590d7f2abc43049e1439e2f,yes,,,,,1.389,474,355584785,1319,per-node,"{""pg_duckdb_main"":""1.2.0"",""pg_duckdb_main_duckdb"":""v1.5.4""}",
98a89fdd,2026-09-25T10:50:03,B2,10,D1,L3,q03,warm,1,313.6,ok,10,d10087d41590d7f2abc43049e1439e2f,yes,,,,,0.885,652,27099,9,per-node,"{""pg_duckdb_main"":""1.2.0"",""pg_duckdb_main_duckdb"":""v1.5.4""}",
98a89fdd,2026-09-25T10:50:03,B2,10,D1,L3,q03,warm,2,277.8,ok,10,d10087d41590d7f2abc43049e1439e2f,yes,,,,,0.766,660,27099,9,per-node,"{""pg_duckdb_main"":""1.2.0"",""pg_duckdb_main_duckdb"":""v1.5.4""}",
98a89fdd,2026-09-25T10:50:04,B2,10,D1,L3,q03,warm,3,271.4,ok,10,d10087d41590d7f2abc43049e1439e2f,yes,,,,,0.75,687,27099,9,per-node,"{""pg_duckdb_main"":""1.2.0"",""pg_duckdb_main_duckdb"":""v1.5.4""}",
98a89fdd,2026-09-25T10:50:04,B2,10,D1,L3,q03,warm,4,310.2,ok,10,d10087d41590d7f2abc43049e1439e2f,yes,,,,,0.903,649,27099,9,per-node,"{""pg_duckdb_main"":""1.2.0"",""pg_duckdb_main_duckdb"":""v1.5.4""}",
98a89fdd,2026-09-25T10:50:04,B2,10,D1,L3,q03,warm,5,266.4,ok,10,d10087d41590d7f2abc43049e1439e2f,yes,,,,,0.755,649,27099,9,per-node,"{""pg_duckdb_main"":""1.2.0"",""pg_duckdb_main_duckdb"":""v1.5.4""}",
98a89fdd,2026-09-25T10:50:04,B2,10,D1,L3,q03,explain,,,ok,,,,full,,,,,,,,per-node,,
98a89fdd,2026-09-25T10:50:06,B2,10,D1,L3,q05,warmup,0,1203.1,ok,5,0424f495823a23ad6284780e97379394,yes,,,,,2.104,892,761136928,1737,per-node,"{""pg_duckdb_main"":""1.2.0"",""pg_duckdb_main_duckdb"":""v1.5.4""}",
98a89fdd,2026-09-25T10:50:06,B2,10,D1,L3,q05,warm,1,497.7,ok,5,0424f495823a23ad6284780e97379394,yes,,,,,1.398,1058,46359,18,per-node,"{""pg_duckdb_main"":""1.2.0"",""pg_duckdb_main_duckdb"":""v1.5.4""}",
98a89fdd,2026-09-25T10:50:07,B2,10,D1,L3,q05,warm,2,474.8,ok,5,0424f495823a23ad6284780e97379394,yes,,,,,1.289,1054,46359,18,per-node,"{""pg_duckdb_main"":""1.2.0"",""pg_duckdb_main_duckdb"":""v1.5.4""}",
98a89fdd,2026-09-25T10:50:07,B2,10,D1,L3,q05,warm,3,499.2,ok,5,0424f495823a23ad6284780e97379394,yes,,,,,1.415,1024,46359,18,per-node,"{""pg_duckdb_main"":""1.2.0"",""pg_duckdb_main_duckdb"":""v1.5.4""}",
98a89fdd,2026-09-25T10:50:08,B2,10,D1,L3,q05,warm,4,464.0,ok,5,0424f495823a23ad6284780e97379394,yes,,,,,1.265,1021,46359,18,per-node,"{""pg_duckdb_main"":""1.2.0"",""pg_duckdb_main_duckdb"":""v1.5.4""}",
98a89fdd,2026-09-25T10:50:08,B2,10,D1,L3,q05,warm,5,486.8,ok,5,0424f495823a23ad6284780e97379394,yes,,,,,1.373,1008,46359,18,per-node,"{""pg_duckdb_main"":""1.2.0"",""pg_duckdb_main_duckdb"":""v1.5.4""}",
98a89fdd,2026-09-25T10:50:08,B2,10,D1,L3,q05,explain,,,ok,,,,full,,,,,,,,per-node,,
98a89fdd,2026-09-25T10:50:11,B2,10,D1,L4,q18,warmup,0,2200.5,ok,100,16bad3d106fea024e529619b17fef319,yes,,,,,6.099,2252,457581424,1822,per-node,"{""pg_duckdb_main"":""1.2.0"",""pg_duckdb_main_duckdb"":""v1.5.4""}",
98a89fdd,2026-09-25T10:50:12,B2,10,D1,L4,q18,warm,1,1115.1,ok,100,16bad3d106fea024e529619b17fef319,yes,,,,,4.106,1591,27099,9,per-node,"{""pg_duckdb_main"":""1.2.0"",""pg_duckdb_main_duckdb"":""v1.5.4""}",
98a89fdd,2026-09-25T10:50:13,B2,10,D1,L4,q18,warm,2,1093.6,ok,100,16bad3d106fea024e529619b17fef319,yes,,,,,4.031,1564,27099,9,per-node,"{""pg_duckdb_main"":""1.2.0"",""pg_duckdb_main_duckdb"":""v1.5.4""}",
98a89fdd,2026-09-25T10:50:14,B2,10,D1,L4,q18,warm,3,1123.1,ok,100,16bad3d106fea024e529619b17fef319,yes,,,,,4.035,1426,27099,9,per-node,"{""pg_duckdb_main"":""1.2.0"",""pg_duckdb_main_duckdb"":""v1.5.4""}",
98a89fdd,2026-09-25T10:50:15,B2,10,D1,L4,q18,warm,4,1081.8,ok,100,16bad3d106fea024e529619b17fef319,yes,,,,,4.005,1747,27099,9,per-node,"{""pg_duckdb_main"":""1.2.0"",""pg_duckdb_main_duckdb"":""v1.5.4""}",
98a89fdd,2026-09-25T10:50:16,B2,10,D1,L4,q18,warm,5,1087.2,ok,100,16bad3d106fea024e529619b17fef319,yes,,,,,4.003,1721,27099,9,per-node,"{""pg_duckdb_main"":""1.2.0"",""pg_duckdb_main_duckdb"":""v1.5.4""}",
98a89fdd,2026-09-25T10:50:16,B2,10,D1,L4,q18,explain,,,ok,,,,full,,,,,,,,per-node,,
98a89fdd,2026-09-25T10:50:17,B2,10,D1,L5,c5,warmup,0,238.9,ok,13,2df226e9ca353f2fa0c8d1343bb0267b,yes,,,,,0.985,1027,7266459,47,per-node,"{""pg_duckdb_main"":""1.2.0"",""pg_duckdb_main_duckdb"":""v1.5.4""}",
98a89fdd,2026-09-25T10:50:17,B2,10,D1,L5,c5,warm,1,190.3,ok,13,2df226e9ca353f2fa0c8d1343bb0267b,yes,,,,,0.717,299,5475,3,per-node,"{""pg_duckdb_main"":""1.2.0"",""pg_duckdb_main_duckdb"":""v1.5.4""}",
98a89fdd,2026-09-25T10:50:17,B2,10,D1,L5,c5,warm,2,231.9,ok,13,2df226e9ca353f2fa0c8d1343bb0267b,yes,,,,,0.842,303,5475,3,per-node,"{""pg_duckdb_main"":""1.2.0"",""pg_duckdb_main_duckdb"":""v1.5.4""}",
98a89fdd,2026-09-25T10:50:17,B2,10,D1,L5,c5,warm,3,200.2,ok,13,2df226e9ca353f2fa0c8d1343bb0267b,yes,,,,,0.731,306,5475,3,per-node,"{""pg_duckdb_main"":""1.2.0"",""pg_duckdb_main_duckdb"":""v1.5.4""}",
98a89fdd,2026-09-25T10:50:17,B2,10,D1,L5,c5,warm,4,198.9,ok,13,2df226e9ca353f2fa0c8d1343bb0267b,yes,,,,,0.724,306,5475,3,per-node,"{""pg_duckdb_main"":""1.2.0"",""pg_duckdb_main_duckdb"":""v1.5.4""}",
98a89fdd,2026-09-25T10:50:18,B2,10,D1,L5,c5,warm,5,206.1,ok,13,2df226e9ca353f2fa0c8d1343bb0267b,yes,,,,,0.752,306,5475,3,per-node,"{""pg_duckdb_main"":""1.2.0"",""pg_duckdb_main_duckdb"":""v1.5.4""}",
98a89fdd,2026-09-25T10:50:18,B2,10,D1,L5,c5,explain,,,ok,,,,full,,,,,,,,per-node,,
98a89fdd,2026-09-25T10:50:18,B2,10,D1,L5,c6,warmup,0,248.5,ok,1,a7855601849196043e15a2e5b2475b27,yes,,,,,0.337,257,59400688,311,per-node,"{""pg_duckdb_main"":""1.2.0"",""pg_duckdb_main_duckdb"":""v1.5.4""}",
98a89fdd,2026-09-25T10:50:18,B2,10,D1,L5,c6,warm,1,90.7,ok,1,a7855601849196043e15a2e5b2475b27,yes,,,,,0.138,378,22167,6,per-node,"{""pg_duckdb_main"":""1.2.0"",""pg_duckdb_main_duckdb"":""v1.5.4""}",
98a89fdd,2026-09-25T10:50:18,B2,10,D1,L5,c6,warm,2,87.1,ok,1,a7855601849196043e15a2e5b2475b27,yes,,,,,0.14,379,22167,6,per-node,"{""pg_duckdb_main"":""1.2.0"",""pg_duckdb_main_duckdb"":""v1.5.4""}",
98a89fdd,2026-09-25T10:50:18,B2,10,D1,L5,c6,warm,3,81.1,ok,1,a7855601849196043e15a2e5b2475b27,yes,,,,,0.13,379,22167,6,per-node,"{""pg_duckdb_main"":""1.2.0"",""pg_duckdb_main_duckdb"":""v1.5.4""}",
98a89fdd,2026-09-25T10:50:18,B2,10,D1,L5,c6,warm,4,82.1,ok,1,a7855601849196043e15a2e5b2475b27,yes,,,,,0.134,379,22167,6,per-node,"{""pg_duckdb_main"":""1.2.0"",""pg_duckdb_main_duckdb"":""v1.5.4""}",
98a89fdd,2026-09-25T10:50:18,B2,10,D1,L5,c6,warm,5,82.5,ok,1,a7855601849196043e15a2e5b2475b27,yes,,,,,0.131,366,22167,6,per-node,"{""pg_duckdb_main"":""1.2.0"",""pg_duckdb_main_duckdb"":""v1.5.4""}",
98a89fdd,2026-09-25T10:50:19,B2,10,D1,L5,c6,explain,,,ok,,,,full,,,,,,,,per-node,,
98a89fdd,2026-09-25T10:50:26,C,10,D1,L1,q01,warmup,0,1313.3,ok,4,4666818bed4e74d6b6aac274a0444bc6,yes,,0.023,0.0,101,4.243,1354,99399,95,per-node,"{""postgres"":""18.6"",""pg_lake"":""3.5"",""pg_clickhouse"":""0.10"",""pg_lake_duckdb"":""v1.5.5"",""clickhouse"":""26.9.1.1629""}",
98a89fdd,2026-09-25T10:50:28,C,10,D1,L1,q01,warm,1,1031.3,ok,4,4666818bed4e74d6b6aac274a0444bc6,yes,,0.015,0.0,105,4.157,1424,16692,77,per-node,"{""postgres"":""18.6"",""pg_lake"":""3.5"",""pg_clickhouse"":""0.10"",""pg_lake_duckdb"":""v1.5.5"",""clickhouse"":""26.9.1.1629""}",
98a89fdd,2026-09-25T10:50:29,C,10,D1,L1,q01,warm,2,841.9,ok,4,4666818bed4e74d6b6aac274a0444bc6,yes,,0.025,0.0,102,3.317,1540,16692,77,per-node,"{""postgres"":""18.6"",""pg_lake"":""3.5"",""pg_clickhouse"":""0.10"",""pg_lake_duckdb"":""v1.5.5"",""clickhouse"":""26.9.1.1629""}",
98a89fdd,2026-09-25T10:50:29,C,10,D1,L1,q01,warm,3,797.3,ok,4,4666818bed4e74d6b6aac274a0444bc6,yes,,0.015,0.0,99,3.097,1278,16692,77,per-node,"{""postgres"":""18.6"",""pg_lake"":""3.5"",""pg_clickhouse"":""0.10"",""pg_lake_duckdb"":""v1.5.5"",""clickhouse"":""26.9.1.1629""}",
98a89fdd,2026-09-25T10:50:30,C,10,D1,L1,q01,warm,4,746.1,ok,4,4666818bed4e74d6b6aac274a0444bc6,yes,,0.011,0.0,105,2.976,1508,16692,77,per-node,"{""postgres"":""18.6"",""pg_lake"":""3.5"",""pg_clickhouse"":""0.10"",""pg_lake_duckdb"":""v1.5.5"",""clickhouse"":""26.9.1.1629""}",
98a89fdd,2026-09-25T10:50:31,C,10,D1,L1,q01,warm,5,733.1,ok,4,4666818bed4e74d6b6aac274a0444bc6,yes,,0.024,0.0,103,2.922,1587,16692,77,per-node,"{""postgres"":""18.6"",""pg_lake"":""3.5"",""pg_clickhouse"":""0.10"",""pg_lake_duckdb"":""v1.5.5"",""clickhouse"":""26.9.1.1629""}",
98a89fdd,2026-09-25T10:50:31,C,10,D1,L1,q01,explain,,,ok,,,,full,,,,,,,,per-node,,
98a89fdd,2026-09-25T10:50:31,C,10,D1,L1,q06,warmup,0,124.0,ok,1,6c1f4735578e5fad829c380f90ee6e07,yes,,0.014,0.0,103,0.321,1566,16692,16,per-node,"{""postgres"":""18.6"",""pg_lake"":""3.5"",""pg_clickhouse"":""0.10"",""pg_lake_duckdb"":""v1.5.5"",""clickhouse"":""26.9.1.1629""}",
98a89fdd,2026-09-25T10:50:31,C,10,D1,L1,q06,warm,1,116.4,ok,1,6c1f4735578e5fad829c380f90ee6e07,yes,,0.011,0.0,102,0.289,1614,16692,16,per-node,"{""postgres"":""18.6"",""pg_lake"":""3.5"",""pg_clickhouse"":""0.10"",""pg_lake_duckdb"":""v1.5.5"",""clickhouse"":""26.9.1.1629""}",
98a89fdd,2026-09-25T10:50:32,C,10,D1,L1,q06,warm,2,106.7,ok,1,6c1f4735578e5fad829c380f90ee6e07,yes,,0.011,0.0,102,0.28,1650,16692,16,per-node,"{""postgres"":""18.6"",""pg_lake"":""3.5"",""pg_clickhouse"":""0.10"",""pg_lake_duckdb"":""v1.5.5"",""clickhouse"":""26.9.1.1629""}",
98a89fdd,2026-09-25T10:50:32,C,10,D1,L1,q06,warm,3,146.7,ok,1,6c1f4735578e5fad829c380f90ee6e07,yes,,0.011,0.0,102,0.387,1608,16692,16,per-node,"{""postgres"":""18.6"",""pg_lake"":""3.5"",""pg_clickhouse"":""0.10"",""pg_lake_duckdb"":""v1.5.5"",""clickhouse"":""26.9.1.1629""}",
98a89fdd,2026-09-25T10:50:32,C,10,D1,L1,q06,warm,4,114.0,ok,1,6c1f4735578e5fad829c380f90ee6e07,yes,,0.01,0.0,102,0.295,1639,16692,16,per-node,"{""postgres"":""18.6"",""pg_lake"":""3.5"",""pg_clickhouse"":""0.10"",""pg_lake_duckdb"":""v1.5.5"",""clickhouse"":""26.9.1.1629""}",
98a89fdd,2026-09-25T10:50:32,C,10,D1,L1,q06,warm,5,116.8,ok,1,6c1f4735578e5fad829c380f90ee6e07,yes,,0.011,0.0,102,0.297,1596,16692,16,per-node,"{""postgres"":""18.6"",""pg_lake"":""3.5"",""pg_clickhouse"":""0.10"",""pg_lake_duckdb"":""v1.5.5"",""clickhouse"":""26.9.1.1629""}",
98a89fdd,2026-09-25T10:50:32,C,10,D1,L1,q06,explain,,,ok,,,,full,,,,,,,,per-node,,
98a89fdd,2026-09-25T10:50:32,C,10,D1,L1,c1,warmup,0,31.6,ok,3,1128543b1bfc510a9ad63bb1a456b415,yes,,0.011,0.0,99,0.03,1620,16692,7,per-node,"{""postgres"":""18.6"",""pg_lake"":""3.5"",""pg_clickhouse"":""0.10"",""pg_lake_duckdb"":""v1.5.5"",""clickhouse"":""26.9.1.1629""}",
98a89fdd,2026-09-25T10:50:32,C,10,D1,L1,c1,warm,1,28.6,ok,3,1128543b1bfc510a9ad63bb1a456b415,yes,,0.012,0.0,102,0.028,1620,16692,7,per-node,"{""postgres"":""18.6"",""pg_lake"":""3.5"",""pg_clickhouse"":""0.10"",""pg_lake_duckdb"":""v1.5.5"",""clickhouse"":""26.9.1.1629""}",
98a89fdd,2026-09-25T10:50:32,C,10,D1,L1,c1,warm,2,29.6,ok,3,1128543b1bfc510a9ad63bb1a456b415,yes,,0.01,0.0,102,0.034,1620,16692,7,per-node,"{""postgres"":""18.6"",""pg_lake"":""3.5"",""pg_clickhouse"":""0.10"",""pg_lake_duckdb"":""v1.5.5"",""clickhouse"":""26.9.1.1629""}",
98a89fdd,2026-09-25T10:50:33,C,10,D1,L1,c1,warm,3,31.0,ok,3,1128543b1bfc510a9ad63bb1a456b415,yes,,0.01,0.0,103,0.032,1587,16692,7,per-node,"{""postgres"":""18.6"",""pg_lake"":""3.5"",""pg_clickhouse"":""0.10"",""pg_lake_duckdb"":""v1.5.5"",""clickhouse"":""26.9.1.1629""}",
98a89fdd,2026-09-25T10:50:33,C,10,D1,L1,c1,warm,4,30.2,ok,3,1128543b1bfc510a9ad63bb1a456b415,yes,,0.01,0.0,102,0.027,1549,16692,7,per-node,"{""postgres"":""18.6"",""pg_lake"":""3.5"",""pg_clickhouse"":""0.10"",""pg_lake_duckdb"":""v1.5.5"",""clickhouse"":""26.9.1.1629""}",
98a89fdd,2026-09-25T10:50:33,C,10,D1,L1,c1,warm,5,44.5,ok,3,1128543b1bfc510a9ad63bb1a456b415,yes,,0.012,0.0,99,0.032,1549,16692,7,per-node,"{""postgres"":""18.6"",""pg_lake"":""3.5"",""pg_clickhouse"":""0.10"",""pg_lake_duckdb"":""v1.5.5"",""clickhouse"":""26.9.1.1629""}",
98a89fdd,2026-09-25T10:50:33,C,10,D1,L1,c1,explain,,,ok,,,,full,,,,,,,,per-node,,
98a89fdd,2026-09-25T10:50:33,C,10,D1,L2,c2,warmup,0,346.0,ok,100,ebad6c8c157e2dc7b33d37e20a730e1b,yes,,0.012,0.0,102,0.79,1549,25403,83,per-node,"{""postgres"":""18.6"",""pg_lake"":""3.5"",""pg_clickhouse"":""0.10"",""pg_lake_duckdb"":""v1.5.5"",""clickhouse"":""26.9.1.1629""}",
98a89fdd,2026-09-25T10:50:33,C,10,D1,L2,c2,warm,1,165.6,ok,100,ebad6c8c157e2dc7b33d37e20a730e1b,yes,,0.012,0.0,104,0.544,1801,5475,77,per-node,"{""postgres"":""18.6"",""pg_lake"":""3.5"",""pg_clickhouse"":""0.10"",""pg_lake_duckdb"":""v1.5.5"",""clickhouse"":""26.9.1.1629""}",
98a89fdd,2026-09-25T10:50:34,C,10,D1,L2,c2,warm,2,175.7,ok,100,ebad6c8c157e2dc7b33d37e20a730e1b,yes,,0.012,0.0,102,0.59,1829,5475,77,per-node,"{""postgres"":""18.6"",""pg_lake"":""3.5"",""pg_clickhouse"":""0.10"",""pg_lake_duckdb"":""v1.5.5"",""clickhouse"":""26.9.1.1629""}",
98a89fdd,2026-09-25T10:50:34,C,10,D1,L2,c2,warm,3,217.1,ok,100,ebad6c8c157e2dc7b33d37e20a730e1b,yes,,0.017,0.0,99,0.664,1910,5475,77,per-node,"{""postgres"":""18.6"",""pg_lake"":""3.5"",""pg_clickhouse"":""0.10"",""pg_lake_duckdb"":""v1.5.5"",""clickhouse"":""26.9.1.1629""}",
98a89fdd,2026-09-25T10:50:34,C,10,D1,L2,c2,warm,4,175.1,ok,100,ebad6c8c157e2dc7b33d37e20a730e1b,yes,,0.011,0.0,98,0.579,2117,5475,77,per-node,"{""postgres"":""18.6"",""pg_lake"":""3.5"",""pg_clickhouse"":""0.10"",""pg_lake_duckdb"":""v1.5.5"",""clickhouse"":""26.9.1.1629""}",
98a89fdd,2026-09-25T10:50:34,C,10,D1,L2,c2,warm,5,150.2,ok,100,ebad6c8c157e2dc7b33d37e20a730e1b,yes,,0.011,0.0,105,0.502,1609,5475,77,per-node,"{""postgres"":""18.6"",""pg_lake"":""3.5"",""pg_clickhouse"":""0.10"",""pg_lake_duckdb"":""v1.5.5"",""clickhouse"":""26.9.1.1629""}",
98a89fdd,2026-09-25T10:50:34,C,10,D1,L2,c2,explain,,,ok,,,,full,,,,,,,,per-node,,
98a89fdd,2026-09-25T10:50:38,C,10,D1,L3,q03,warmup,0,3180.3,ok,10,d10087d41590d7f2abc43049e1439e2f,yes,,0.034,0.0,103,6.866,2676,32391,90,per-node,"{""postgres"":""18.6"",""pg_lake"":""3.5"",""pg_clickhouse"":""0.10"",""pg_lake_duckdb"":""v1.5.5"",""clickhouse"":""26.9.1.1629""}",
98a89fdd,2026-09-25T10:50:41,C,10,D1,L3,q03,warm,1,2879.7,ok,10,d10087d41590d7f2abc43049e1439e2f,yes,,0.035,0.0,99,6.06,2939,18066,84,per-node,"{""postgres"":""18.6"",""pg_lake"":""3.5"",""pg_clickhouse"":""0.10"",""pg_lake_duckdb"":""v1.5.5"",""clickhouse"":""26.9.1.1629""}",
98a89fdd,2026-09-25T10:50:45,C,10,D1,L3,q03,warm,2,3943.4,ok,10,d10087d41590d7f2abc43049e1439e2f,yes,,0.029,0.0,104,7.245,2491,18066,84,per-node,"{""postgres"":""18.6"",""pg_lake"":""3.5"",""pg_clickhouse"":""0.10"",""pg_lake_duckdb"":""v1.5.5"",""clickhouse"":""26.9.1.1629""}",
98a89fdd,2026-09-25T10:50:49,C,10,D1,L3,q03,warm,3,3872.4,ok,10,d10087d41590d7f2abc43049e1439e2f,yes,,0.028,0.0,105,6.863,3212,18066,84,per-node,"{""postgres"":""18.6"",""pg_lake"":""3.5"",""pg_clickhouse"":""0.10"",""pg_lake_duckdb"":""v1.5.5"",""clickhouse"":""26.9.1.1629""}",
98a89fdd,2026-09-25T10:50:52,C,10,D1,L3,q03,warm,4,3794.8,ok,10,d10087d41590d7f2abc43049e1439e2f,yes,,0.045,0.0,109,7.032,3138,18066,84,per-node,"{""postgres"":""18.6"",""pg_lake"":""3.5"",""pg_clickhouse"":""0.10"",""pg_lake_duckdb"":""v1.5.5"",""clickhouse"":""26.9.1.1629""}",
98a89fdd,2026-09-25T10:50:56,C,10,D1,L3,q03,warm,5,3854.8,ok,10,d10087d41590d7f2abc43049e1439e2f,yes,,0.029,0.0,113,6.829,2869,18066,84,per-node,"{""postgres"":""18.6"",""pg_lake"":""3.5"",""pg_clickhouse"":""0.10"",""pg_lake_duckdb"":""v1.5.5"",""clickhouse"":""26.9.1.1629""}",
98a89fdd,2026-09-25T10:50:56,C,10,D1,L3,q03,explain,,,ok,,,,full,,,,,,,,per-node,,
98a89fdd,2026-09-25T10:51:06,C,10,D1,L3,q05,warmup,0,9077.9,ok,5,0424f495823a23ad6284780e97379394,yes,,0.073,0.0,113,16.938,3591,74467,125,per-node,"{""postgres"":""18.6"",""pg_lake"":""3.5"",""pg_clickhouse"":""0.10"",""pg_lake_duckdb"":""v1.5.5"",""clickhouse"":""26.9.1.1629""}",
98a89fdd,2026-09-25T10:51:07,C,10,D1,L3,q05,warm,1,1073.6,ok,5,0424f495823a23ad6284780e97379394,yes,,0.014,0.0,111,2.86,1343,30906,107,per-node,"{""postgres"":""18.6"",""pg_lake"":""3.5"",""pg_clickhouse"":""0.10"",""pg_lake_duckdb"":""v1.5.5"",""clickhouse"":""26.9.1.1629""}",
98a89fdd,2026-09-25T10:51:08,C,10,D1,L3,q05,warm,2,863.4,ok,5,0424f495823a23ad6284780e97379394,yes,,0.03,0.0,107,2.862,1744,30906,107,per-node,"{""postgres"":""18.6"",""pg_lake"":""3.5"",""pg_clickhouse"":""0.10"",""pg_lake_duckdb"":""v1.5.5"",""clickhouse"":""26.9.1.1629""}",
98a89fdd,2026-09-25T10:51:09,C,10,D1,L3,q05,warm,3,889.4,ok,5,0424f495823a23ad6284780e97379394,yes,,0.014,0.0,114,3.049,997,30906,107,per-node,"{""postgres"":""18.6"",""pg_lake"":""3.5"",""pg_clickhouse"":""0.10"",""pg_lake_duckdb"":""v1.5.5"",""clickhouse"":""26.9.1.1629""}",
98a89fdd,2026-09-25T10:51:10,C,10,D1,L3,q05,warm,4,784.1,ok,5,0424f495823a23ad6284780e97379394,yes,,0.014,0.0,114,2.55,1458,30906,107,per-node,"{""postgres"":""18.6"",""pg_lake"":""3.5"",""pg_clickhouse"":""0.10"",""pg_lake_duckdb"":""v1.5.5"",""clickhouse"":""26.9.1.1629""}",
98a89fdd,2026-09-25T10:51:10,C,10,D1,L3,q05,warm,5,719.0,ok,5,0424f495823a23ad6284780e97379394,yes,,0.024,0.0,113,2.476,921,30906,107,per-node,"{""postgres"":""18.6"",""pg_lake"":""3.5"",""pg_clickhouse"":""0.10"",""pg_lake_duckdb"":""v1.5.5"",""clickhouse"":""26.9.1.1629""}",
98a89fdd,2026-09-25T10:51:10,C,10,D1,L3,q05,explain,,,ok,,,,full,,,,,,,,per-node,,
98a89fdd,2026-09-25T10:51:33,C,10,D1,L4,q18,warmup,0,22120.8,ok,100,16bad3d106fea024e529619b17fef319,yes,,13.856,0.09,176,25.481,3378,34758,233,per-node,"{""postgres"":""18.6"",""pg_lake"":""3.5"",""pg_clickhouse"":""0.10"",""pg_lake_duckdb"":""v1.5.5"",""clickhouse"":""26.9.1.1629""}",
98a89fdd,2026-09-25T10:51:55,C,10,D1,L4,q18,warm,1,22239.7,ok,100,16bad3d106fea024e529619b17fef319,yes,,14.038,0.0,177,26.331,3348,34758,233,per-node,"{""postgres"":""18.6"",""pg_lake"":""3.5"",""pg_clickhouse"":""0.10"",""pg_lake_duckdb"":""v1.5.5"",""clickhouse"":""26.9.1.1629""}",
98a89fdd,2026-09-25T10:52:17,C,10,D1,L4,q18,warm,2,21768.0,ok,100,16bad3d106fea024e529619b17fef319,yes,,13.753,0.0,179,25.758,3985,34758,233,per-node,"{""postgres"":""18.6"",""pg_lake"":""3.5"",""pg_clickhouse"":""0.10"",""pg_lake_duckdb"":""v1.5.5"",""clickhouse"":""26.9.1.1629""}",
98a89fdd,2026-09-25T10:52:39,C,10,D1,L4,q18,warm,3,22280.0,ok,100,16bad3d106fea024e529619b17fef319,yes,,14.601,0.01,179,25.751,4044,34758,233,per-node,"{""postgres"":""18.6"",""pg_lake"":""3.5"",""pg_clickhouse"":""0.10"",""pg_lake_duckdb"":""v1.5.5"",""clickhouse"":""26.9.1.1629""}",
98a89fdd,2026-09-25T10:53:06,C,10,D1,L4,q18,warm,4,27162.6,ok,100,16bad3d106fea024e529619b17fef319,yes,,14.187,0.0,183,29.911,2818,34758,233,per-node,"{""postgres"":""18.6"",""pg_lake"":""3.5"",""pg_clickhouse"":""0.10"",""pg_lake_duckdb"":""v1.5.5"",""clickhouse"":""26.9.1.1629""}",
98a89fdd,2026-09-25T10:53:28,C,10,D1,L4,q18,warm,5,22081.9,ok,100,16bad3d106fea024e529619b17fef319,yes,,14.007,0.01,185,26.117,3053,34758,233,per-node,"{""postgres"":""18.6"",""pg_lake"":""3.5"",""pg_clickhouse"":""0.10"",""pg_lake_duckdb"":""v1.5.5"",""clickhouse"":""26.9.1.1629""}",
98a89fdd,2026-09-25T10:53:28,C,10,D1,L4,q18,explain,,,ok,,,,partial,,,,,,,,per-node,,
98a89fdd,2026-09-25T10:53:29,C,10,D1,L5,c5,warmup,0,726.6,ok,13,2df226e9ca353f2fa0c8d1343bb0267b,yes,,0.798,0.0,333,0.213,2096,5475,10,per-node,"{""postgres"":""18.6"",""pg_lake"":""3.5"",""pg_clickhouse"":""0.10"",""pg_lake_duckdb"":""v1.5.5"",""clickhouse"":""26.9.1.1629""}",
98a89fdd,2026-09-25T10:53:30,C,10,D1,L5,c5,warm,1,666.2,ok,13,2df226e9ca353f2fa0c8d1343bb0267b,yes,,0.647,0.0,336,0.158,731,5475,10,per-node,"{""postgres"":""18.6"",""pg_lake"":""3.5"",""pg_clickhouse"":""0.10"",""pg_lake_duckdb"":""v1.5.5"",""clickhouse"":""26.9.1.1629""}",
98a89fdd,2026-09-25T10:53:31,C,10,D1,L5,c5,warm,2,661.4,ok,13,2df226e9ca353f2fa0c8d1343bb0267b,yes,,0.642,0.0,333,0.443,859,5475,10,per-node,"{""postgres"":""18.6"",""pg_lake"":""3.5"",""pg_clickhouse"":""0.10"",""pg_lake_duckdb"":""v1.5.5"",""clickhouse"":""26.9.1.1629""}",
98a89fdd,2026-09-25T10:53:31,C,10,D1,L5,c5,warm,3,636.4,ok,13,2df226e9ca353f2fa0c8d1343bb0267b,yes,,0.618,0.0,338,0.099,869,5475,10,per-node,"{""postgres"":""18.6"",""pg_lake"":""3.5"",""pg_clickhouse"":""0.10"",""pg_lake_duckdb"":""v1.5.5"",""clickhouse"":""26.9.1.1629""}",
98a89fdd,2026-09-25T10:53:32,C,10,D1,L5,c5,warm,4,608.6,ok,13,2df226e9ca353f2fa0c8d1343bb0267b,yes,,0.612,0.0,339,0.09,878,5475,10,per-node,"{""postgres"":""18.6"",""pg_lake"":""3.5"",""pg_clickhouse"":""0.10"",""pg_lake_duckdb"":""v1.5.5"",""clickhouse"":""26.9.1.1629""}",
98a89fdd,2026-09-25T10:53:33,C,10,D1,L5,c5,warm,5,596.1,ok,13,2df226e9ca353f2fa0c8d1343bb0267b,yes,,0.582,0.0,333,0.102,881,5475,10,per-node,"{""postgres"":""18.6"",""pg_lake"":""3.5"",""pg_clickhouse"":""0.10"",""pg_lake_duckdb"":""v1.5.5"",""clickhouse"":""26.9.1.1629""}",
98a89fdd,2026-09-25T10:53:33,C,10,D1,L5,c5,explain,,,ok,,,,partial,,,,,,,,per-node,,
98a89fdd,2026-09-25T10:53:33,C,10,D1,L5,c6,warmup,0,228.5,ok,1,a7855601849196043e15a2e5b2475b27,yes,,0.015,0.0,337,0.477,881,22167,154,per-node,"{""postgres"":""18.6"",""pg_lake"":""3.5"",""pg_clickhouse"":""0.10"",""pg_lake_duckdb"":""v1.5.5"",""clickhouse"":""26.9.1.1629""}",
98a89fdd,2026-09-25T10:53:33,C,10,D1,L5,c6,warm,1,76.9,ok,1,a7855601849196043e15a2e5b2475b27,yes,,0.013,0.0,332,0.058,913,22167,154,per-node,"{""postgres"":""18.6"",""pg_lake"":""3.5"",""pg_clickhouse"":""0.10"",""pg_lake_duckdb"":""v1.5.5"",""clickhouse"":""26.9.1.1629""}",
98a89fdd,2026-09-25T10:53:33,C,10,D1,L5,c6,warm,2,73.3,ok,1,a7855601849196043e15a2e5b2475b27,yes,,0.014,0.0,331,0.053,913,22167,154,per-node,"{""postgres"":""18.6"",""pg_lake"":""3.5"",""pg_clickhouse"":""0.10"",""pg_lake_duckdb"":""v1.5.5"",""clickhouse"":""26.9.1.1629""}",
98a89fdd,2026-09-25T10:53:34,C,10,D1,L5,c6,warm,3,90.9,ok,1,a7855601849196043e15a2e5b2475b27,yes,,0.013,0.0,332,0.056,913,22167,154,per-node,"{""postgres"":""18.6"",""pg_lake"":""3.5"",""pg_clickhouse"":""0.10"",""pg_lake_duckdb"":""v1.5.5"",""clickhouse"":""26.9.1.1629""}",
98a89fdd,2026-09-25T10:53:34,C,10,D1,L5,c6,warm,4,66.9,ok,1,a7855601849196043e15a2e5b2475b27,yes,,0.016,0.0,332,0.051,889,22167,154,per-node,"{""postgres"":""18.6"",""pg_lake"":""3.5"",""pg_clickhouse"":""0.10"",""pg_lake_duckdb"":""v1.5.5"",""clickhouse"":""26.9.1.1629""}",
98a89fdd,2026-09-25T10:53:34,C,10,D1,L5,c6,warm,5,82.7,ok,1,a7855601849196043e15a2e5b2475b27,yes,,0.012,0.0,338,0.055,889,22167,154,per-node,"{""postgres"":""18.6"",""pg_lake"":""3.5"",""pg_clickhouse"":""0.10"",""pg_lake_duckdb"":""v1.5.5"",""clickhouse"":""26.9.1.1629""}",
98a89fdd,2026-09-25T10:53:34,C,10,D1,L5,c6,explain,,,ok,,,,partial,,,,,,,,per-node,,
4c7e9c30,2026-09-25T10:53:39,B,10,D1,L1,q06,warmup,0,279.5,ok,1,0f8bf5fbe641e0d4575ea8c175968e86,NO,,,,,0.188,206,43459288,241,per-node,"{""pg_duckdb"":""1.1.0"",""pg_duckdb_duckdb"":""v1.4.3""}",
4c7e9c30,2026-09-25T10:53:39,B,10,D1,L1,q06,warm,1,75.4,ok,1,0f8bf5fbe641e0d4575ea8c175968e86,NO,,,,,0.09,296,33384,6,per-node,"{""pg_duckdb"":""1.1.0"",""pg_duckdb_duckdb"":""v1.4.3""}",
4c7e9c30,2026-09-25T10:53:39,B,10,D1,L1,q06,explain,,,ok,,,,full,,,,,,,,per-node,,
4c7e9c30,2026-09-25T10:53:40,B,10,D1,L1,c1,warmup,0,53.9,ok,0,d41d8cd98f00b204e9800998ecf8427e,NO,,,,,0.012,203,48126,8,per-node,"{""pg_duckdb"":""1.1.0"",""pg_duckdb_duckdb"":""v1.4.3""}",
4c7e9c30,2026-09-25T10:53:40,B,10,D1,L1,c1,warm,1,48.9,ok,0,d41d8cd98f00b204e9800998ecf8427e,NO,,,,,0.008,212,33384,6,per-node,"{""pg_duckdb"":""1.1.0"",""pg_duckdb_duckdb"":""v1.4.3""}",
4c7e9c30,2026-09-25T10:53:40,B,10,D1,L1,c1,explain,,,ok,,,,full,,,,,,,,per-node,,
af600ea3,2026-09-25T10:56:39,C,10,D1,L1,q01,warmup,0,1361.9,ok,4,4666818bed4e74d6b6aac274a0444bc6,yes,,0.019,0.0,206,4.059,1450,16692,77,join-swap,"{""postgres"":""18.6"",""pg_lake"":""3.5"",""pg_clickhouse"":""0.10"",""pg_lake_duckdb"":""v1.5.5"",""clickhouse"":""26.9.1.1629""}",
af600ea3,2026-09-25T10:56:40,C,10,D1,L1,q01,warm,1,983.8,ok,4,4666818bed4e74d6b6aac274a0444bc6,yes,,0.014,0.0,209,3.132,1526,16692,77,join-swap,"{""postgres"":""18.6"",""pg_lake"":""3.5"",""pg_clickhouse"":""0.10"",""pg_lake_duckdb"":""v1.5.5"",""clickhouse"":""26.9.1.1629""}",
af600ea3,2026-09-25T10:56:41,C,10,D1,L1,q01,warm,2,986.5,ok,4,4666818bed4e74d6b6aac274a0444bc6,yes,,0.028,0.0,209,3.22,1091,16692,77,join-swap,"{""postgres"":""18.6"",""pg_lake"":""3.5"",""pg_clickhouse"":""0.10"",""pg_lake_duckdb"":""v1.5.5"",""clickhouse"":""26.9.1.1629""}",
af600ea3,2026-09-25T10:56:42,C,10,D1,L1,q01,warm,3,905.2,ok,4,4666818bed4e74d6b6aac274a0444bc6,yes,,0.014,0.0,209,3.057,1542,16692,77,join-swap,"{""postgres"":""18.6"",""pg_lake"":""3.5"",""pg_clickhouse"":""0.10"",""pg_lake_duckdb"":""v1.5.5"",""clickhouse"":""26.9.1.1629""}",
af600ea3,2026-09-25T10:56:43,C,10,D1,L1,q01,warm,4,831.6,ok,4,4666818bed4e74d6b6aac274a0444bc6,yes,,0.012,0.0,207,2.723,1608,16692,77,join-swap,"{""postgres"":""18.6"",""pg_lake"":""3.5"",""pg_clickhouse"":""0.10"",""pg_lake_duckdb"":""v1.5.5"",""clickhouse"":""26.9.1.1629""}",
af600ea3,2026-09-25T10:56:44,C,10,D1,L1,q01,warm,5,759.5,ok,4,4666818bed4e74d6b6aac274a0444bc6,yes,,0.025,0.0,207,2.547,1839,16692,77,join-swap,"{""postgres"":""18.6"",""pg_lake"":""3.5"",""pg_clickhouse"":""0.10"",""pg_lake_duckdb"":""v1.5.5"",""clickhouse"":""26.9.1.1629""}",
af600ea3,2026-09-25T10:56:44,C,10,D1,L1,q01,explain,,,ok,,,,full,,,,,,,,join-swap,,
af600ea3,2026-09-25T10:56:44,C,10,D1,L1,q06,warmup,0,176.0,ok,1,6c1f4735578e5fad829c380f90ee6e07,yes,,0.015,0.0,209,0.338,1230,16692,16,join-swap,"{""postgres"":""18.6"",""pg_lake"":""3.5"",""pg_clickhouse"":""0.10"",""pg_lake_duckdb"":""v1.5.5"",""clickhouse"":""26.9.1.1629""}",
af600ea3,2026-09-25T10:56:44,C,10,D1,L1,q06,warm,1,152.8,ok,1,6c1f4735578e5fad829c380f90ee6e07,yes,,0.01,0.0,211,0.283,1241,16692,16,join-swap,"{""postgres"":""18.6"",""pg_lake"":""3.5"",""pg_clickhouse"":""0.10"",""pg_lake_duckdb"":""v1.5.5"",""clickhouse"":""26.9.1.1629""}",
af600ea3,2026-09-25T10:56:44,C,10,D1,L1,q06,warm,2,154.1,ok,1,6c1f4735578e5fad829c380f90ee6e07,yes,,0.01,0.0,209,0.292,1244,16692,16,join-swap,"{""postgres"":""18.6"",""pg_lake"":""3.5"",""pg_clickhouse"":""0.10"",""pg_lake_duckdb"":""v1.5.5"",""clickhouse"":""26.9.1.1629""}",
af600ea3,2026-09-25T10:56:45,C,10,D1,L1,q06,warm,3,145.9,ok,1,6c1f4735578e5fad829c380f90ee6e07,yes,,0.011,0.0,209,0.281,1251,16692,16,join-swap,"{""postgres"":""18.6"",""pg_lake"":""3.5"",""pg_clickhouse"":""0.10"",""pg_lake_duckdb"":""v1.5.5"",""clickhouse"":""26.9.1.1629""}",
af600ea3,2026-09-25T10:56:45,C,10,D1,L1,q06,warm,4,174.4,ok,1,6c1f4735578e5fad829c380f90ee6e07,yes,,0.011,0.0,203,0.337,1341,16692,16,join-swap,"{""postgres"":""18.6"",""pg_lake"":""3.5"",""pg_clickhouse"":""0.10"",""pg_lake_duckdb"":""v1.5.5"",""clickhouse"":""26.9.1.1629""}",
af600ea3,2026-09-25T10:56:45,C,10,D1,L1,q06,warm,5,148.9,ok,1,6c1f4735578e5fad829c380f90ee6e07,yes,,0.012,0.0,207,0.283,1469,16692,16,join-swap,"{""postgres"":""18.6"",""pg_lake"":""3.5"",""pg_clickhouse"":""0.10"",""pg_lake_duckdb"":""v1.5.5"",""clickhouse"":""26.9.1.1629""}",
af600ea3,2026-09-25T10:56:45,C,10,D1,L1,q06,explain,,,ok,,,,full,,,,,,,,join-swap,,
af600ea3,2026-09-25T10:56:45,C,10,D1,L1,c1,warmup,0,35.7,ok,3,1128543b1bfc510a9ad63bb1a456b415,yes,,0.012,0.0,209,0.029,1511,16692,7,join-swap,"{""postgres"":""18.6"",""pg_lake"":""3.5"",""pg_clickhouse"":""0.10"",""pg_lake_duckdb"":""v1.5.5"",""clickhouse"":""26.9.1.1629""}",
af600ea3,2026-09-25T10:56:45,C,10,D1,L1,c1,warm,1,31.0,ok,3,1128543b1bfc510a9ad63bb1a456b415,yes,,0.011,0.0,209,0.027,1531,16692,7,join-swap,"{""postgres"":""18.6"",""pg_lake"":""3.5"",""pg_clickhouse"":""0.10"",""pg_lake_duckdb"":""v1.5.5"",""clickhouse"":""26.9.1.1629""}",
af600ea3,2026-09-25T10:56:45,C,10,D1,L1,c1,warm,2,31.0,ok,3,1128543b1bfc510a9ad63bb1a456b415,yes,,0.01,0.0,209,0.027,1533,16692,7,join-swap,"{""postgres"":""18.6"",""pg_lake"":""3.5"",""pg_clickhouse"":""0.10"",""pg_lake_duckdb"":""v1.5.5"",""clickhouse"":""26.9.1.1629""}",
af600ea3,2026-09-25T10:56:45,C,10,D1,L1,c1,warm,3,39.6,ok,3,1128543b1bfc510a9ad63bb1a456b415,yes,,0.011,0.0,209,0.034,1535,16692,7,join-swap,"{""postgres"":""18.6"",""pg_lake"":""3.5"",""pg_clickhouse"":""0.10"",""pg_lake_duckdb"":""v1.5.5"",""clickhouse"":""26.9.1.1629""}",
af600ea3,2026-09-25T10:56:46,C,10,D1,L1,c1,warm,4,31.6,ok,3,1128543b1bfc510a9ad63bb1a456b415,yes,,0.011,0.0,209,0.03,1547,16692,7,join-swap,"{""postgres"":""18.6"",""pg_lake"":""3.5"",""pg_clickhouse"":""0.10"",""pg_lake_duckdb"":""v1.5.5"",""clickhouse"":""26.9.1.1629""}",
af600ea3,2026-09-25T10:56:46,C,10,D1,L1,c1,warm,5,27.9,ok,3,1128543b1bfc510a9ad63bb1a456b415,yes,,0.011,0.0,207,0.029,1555,16692,7,join-swap,"{""postgres"":""18.6"",""pg_lake"":""3.5"",""pg_clickhouse"":""0.10"",""pg_lake_duckdb"":""v1.5.5"",""clickhouse"":""26.9.1.1629""}",
af600ea3,2026-09-25T10:56:46,C,10,D1,L1,c1,explain,,,ok,,,,full,,,,,,,,join-swap,,
af600ea3,2026-09-25T10:56:46,C,10,D1,L2,c2,warmup,0,378.2,ok,100,ebad6c8c157e2dc7b33d37e20a730e1b,yes,,0.026,0.0,210,0.869,1556,5475,77,join-swap,"{""postgres"":""18.6"",""pg_lake"":""3.5"",""pg_clickhouse"":""0.10"",""pg_lake_duckdb"":""v1.5.5"",""clickhouse"":""26.9.1.1629""}",
af600ea3,2026-09-25T10:56:46,C,10,D1,L2,c2,warm,1,256.9,ok,100,ebad6c8c157e2dc7b33d37e20a730e1b,yes,,0.011,0.0,210,0.598,1725,5475,77,join-swap,"{""postgres"":""18.6"",""pg_lake"":""3.5"",""pg_clickhouse"":""0.10"",""pg_lake_duckdb"":""v1.5.5"",""clickhouse"":""26.9.1.1629""}",
af600ea3,2026-09-25T10:56:47,C,10,D1,L2,c2,warm,2,286.6,ok,100,ebad6c8c157e2dc7b33d37e20a730e1b,yes,,0.012,0.0,209,0.684,1253,5475,77,join-swap,"{""postgres"":""18.6"",""pg_lake"":""3.5"",""pg_clickhouse"":""0.10"",""pg_lake_duckdb"":""v1.5.5"",""clickhouse"":""26.9.1.1629""}",
af600ea3,2026-09-25T10:56:47,C,10,D1,L2,c2,warm,3,220.7,ok,100,ebad6c8c157e2dc7b33d37e20a730e1b,yes,,0.01,0.0,208,0.502,1258,5475,77,join-swap,"{""postgres"":""18.6"",""pg_lake"":""3.5"",""pg_clickhouse"":""0.10"",""pg_lake_duckdb"":""v1.5.5"",""clickhouse"":""26.9.1.1629""}",
af600ea3,2026-09-25T10:56:47,C,10,D1,L2,c2,warm,4,211.5,ok,100,ebad6c8c157e2dc7b33d37e20a730e1b,yes,,0.01,0.0,209,0.528,1303,5475,77,join-swap,"{""postgres"":""18.6"",""pg_lake"":""3.5"",""pg_clickhouse"":""0.10"",""pg_lake_duckdb"":""v1.5.5"",""clickhouse"":""26.9.1.1629""}",
af600ea3,2026-09-25T10:56:48,C,10,D1,L2,c2,warm,5,251.5,ok,100,ebad6c8c157e2dc7b33d37e20a730e1b,yes,,0.011,0.0,209,0.609,1303,5475,77,join-swap,"{""postgres"":""18.6"",""pg_lake"":""3.5"",""pg_clickhouse"":""0.10"",""pg_lake_duckdb"":""v1.5.5"",""clickhouse"":""26.9.1.1629""}",
af600ea3,2026-09-25T10:56:48,C,10,D1,L2,c2,explain,,,ok,,,,full,,,,,,,,join-swap,,
af600ea3,2026-09-25T10:56:49,C,10,D1,L3,q03,warmup,0,1100.4,ok,10,d10087d41590d7f2abc43049e1439e2f,yes,,0.015,0.0,209,2.588,2170,18066,84,join-swap,"{""postgres"":""18.6"",""pg_lake"":""3.5"",""pg_clickhouse"":""0.10"",""pg_lake_duckdb"":""v1.5.5"",""clickhouse"":""26.9.1.1629""}",
af600ea3,2026-09-25T10:56:50,C,10,D1,L3,q03,warm,1,925.1,ok,10,d10087d41590d7f2abc43049e1439e2f,yes,,0.031,0.0,209,3.005,2322,18066,84,join-swap,"{""postgres"":""18.6"",""pg_lake"":""3.5"",""pg_clickhouse"":""0.10"",""pg_lake_duckdb"":""v1.5.5"",""clickhouse"":""26.9.1.1629""}",
af600ea3,2026-09-25T10:56:51,C,10,D1,L3,q03,warm,2,612.8,ok,10,d10087d41590d7f2abc43049e1439e2f,yes,,0.012,0.0,209,2.024,3247,18066,84,join-swap,"{""postgres"":""18.6"",""pg_lake"":""3.5"",""pg_clickhouse"":""0.10"",""pg_lake_duckdb"":""v1.5.5"",""clickhouse"":""26.9.1.1629""}",
af600ea3,2026-09-25T10:56:51,C,10,D1,L3,q03,warm,3,608.5,ok,10,d10087d41590d7f2abc43049e1439e2f,yes,,0.017,0.0,209,1.882,3868,18066,84,join-swap,"{""postgres"":""18.6"",""pg_lake"":""3.5"",""pg_clickhouse"":""0.10"",""pg_lake_duckdb"":""v1.5.5"",""clickhouse"":""26.9.1.1629""}",
af600ea3,2026-09-25T10:56:52,C,10,D1,L3,q03,warm,4,580.1,ok,10,d10087d41590d7f2abc43049e1439e2f,yes,,0.011,0.0,209,1.913,3839,18066,84,join-swap,"{""postgres"":""18.6"",""pg_lake"":""3.5"",""pg_clickhouse"":""0.10"",""pg_lake_duckdb"":""v1.5.5"",""clickhouse"":""26.9.1.1629""}",
af600ea3,2026-09-25T10:56:53,C,10,D1,L3,q03,warm,5,559.6,ok,10,d10087d41590d7f2abc43049e1439e2f,yes,,0.022,0.0,209,1.909,3175,18066,84,join-swap,"{""postgres"":""18.6"",""pg_lake"":""3.5"",""pg_clickhouse"":""0.10"",""pg_lake_duckdb"":""v1.5.5"",""clickhouse"":""26.9.1.1629""}",
af600ea3,2026-09-25T10:56:53,C,10,D1,L3,q03,explain,,,ok,,,,full,,,,,,,,join-swap,,
af600ea3,2026-09-25T10:57:05,C,10,D1,L3,q05,warmup,0,11909.0,ok,5,0424f495823a23ad6284780e97379394,yes,,0.083,0.0,210,20.226,3962,74467,125,join-swap,"{""postgres"":""18.6"",""pg_lake"":""3.5"",""pg_clickhouse"":""0.10"",""pg_lake_duckdb"":""v1.5.5"",""clickhouse"":""26.9.1.1629""}",
af600ea3,2026-09-25T10:57:06,C,10,D1,L3,q05,warm,1,1081.2,ok,5,0424f495823a23ad6284780e97379394,yes,,0.012,0.0,113,3.124,3176,30906,107,join-swap,"{""postgres"":""18.6"",""pg_lake"":""3.5"",""pg_clickhouse"":""0.10"",""pg_lake_duckdb"":""v1.5.5"",""clickhouse"":""26.9.1.1629""}",
af600ea3,2026-09-25T10:57:07,C,10,D1,L3,q05,warm,2,811.2,ok,5,0424f495823a23ad6284780e97379394,yes,,0.012,0.0,115,2.636,1860,30906,107,join-swap,"{""postgres"":""18.6"",""pg_lake"":""3.5"",""pg_clickhouse"":""0.10"",""pg_lake_duckdb"":""v1.5.5"",""clickhouse"":""26.9.1.1629""}",
af600ea3,2026-09-25T10:57:08,C,10,D1,L3,q05,warm,3,821.4,ok,5,0424f495823a23ad6284780e97379394,yes,,0.028,0.0,116,2.84,2363,30906,107,join-swap,"{""postgres"":""18.6"",""pg_lake"":""3.5"",""pg_clickhouse"":""0.10"",""pg_lake_duckdb"":""v1.5.5"",""clickhouse"":""26.9.1.1629""}",
af600ea3,2026-09-25T10:57:08,C,10,D1,L3,q05,warm,4,783.9,ok,5,0424f495823a23ad6284780e97379394,yes,,0.011,0.0,115,2.436,1867,30906,107,join-swap,"{""postgres"":""18.6"",""pg_lake"":""3.5"",""pg_clickhouse"":""0.10"",""pg_lake_duckdb"":""v1.5.5"",""clickhouse"":""26.9.1.1629""}",
af600ea3,2026-09-25T10:57:09,C,10,D1,L3,q05,warm,5,684.0,ok,5,0424f495823a23ad6284780e97379394,yes,,0.013,0.0,116,2.324,2151,30906,107,join-swap,"{""postgres"":""18.6"",""pg_lake"":""3.5"",""pg_clickhouse"":""0.10"",""pg_lake_duckdb"":""v1.5.5"",""clickhouse"":""26.9.1.1629""}",
af600ea3,2026-09-25T10:57:09,C,10,D1,L3,q05,explain,,,ok,,,,full,,,,,,,,join-swap,,
af600ea3,2026-09-25T10:57:32,C,10,D1,L4,q18,warmup,0,22657.6,ok,100,16bad3d106fea024e529619b17fef319,yes,,14.237,0.0,118,28.773,4096,34758,233,join-swap,"{""postgres"":""18.6"",""pg_lake"":""3.5"",""pg_clickhouse"":""0.10"",""pg_lake_duckdb"":""v1.5.5"",""clickhouse"":""26.9.1.1629""}",
af600ea3,2026-09-25T10:57:53,C,10,D1,L4,q18,warm,1,20982.1,ok,100,16bad3d106fea024e529619b17fef319,yes,,14.298,0.01,115,28.298,4096,34758,233,join-swap,"{""postgres"":""18.6"",""pg_lake"":""3.5"",""pg_clickhouse"":""0.10"",""pg_lake_duckdb"":""v1.5.5"",""clickhouse"":""26.9.1.1629""}",
af600ea3,2026-09-25T10:58:14,C,10,D1,L4,q18,warm,2,20595.2,ok,100,16bad3d106fea024e529619b17fef319,yes,,14.191,0.0,118,27.099,3046,34758,233,join-swap,"{""postgres"":""18.6"",""pg_lake"":""3.5"",""pg_clickhouse"":""0.10"",""pg_lake_duckdb"":""v1.5.5"",""clickhouse"":""26.9.1.1629""}",
af600ea3,2026-09-25T10:58:34,C,10,D1,L4,q18,warm,3,20174.2,ok,100,16bad3d106fea024e529619b17fef319,yes,,14.026,0.0,124,27.151,3334,34758,233,join-swap,"{""postgres"":""18.6"",""pg_lake"":""3.5"",""pg_clickhouse"":""0.10"",""pg_lake_duckdb"":""v1.5.5"",""clickhouse"":""26.9.1.1629""}",
af600ea3,2026-09-25T10:58:53,C,10,D1,L4,q18,warm,4,19415.3,ok,100,16bad3d106fea024e529619b17fef319,yes,,13.979,0.01,139,26.703,3561,34758,233,join-swap,"{""postgres"":""18.6"",""pg_lake"":""3.5"",""pg_clickhouse"":""0.10"",""pg_lake_duckdb"":""v1.5.5"",""clickhouse"":""26.9.1.1629""}",
af600ea3,2026-09-25T10:59:13,C,10,D1,L4,q18,warm,5,20062.4,ok,100,16bad3d106fea024e529619b17fef319,yes,,14.566,0.0,143,27.557,3413,34758,233,join-swap,"{""postgres"":""18.6"",""pg_lake"":""3.5"",""pg_clickhouse"":""0.10"",""pg_lake_duckdb"":""v1.5.5"",""clickhouse"":""26.9.1.1629""}",
af600ea3,2026-09-25T10:59:13,C,10,D1,L4,q18,explain,,,ok,,,,partial,,,,,,,,join-swap,,
af600ea3,2026-09-25T10:59:14,C,10,D1,L5,c5,warmup,0,783.0,ok,13,2df226e9ca353f2fa0c8d1343bb0267b,yes,,0.849,0.0,267,0.261,1364,5475,10,join-swap,"{""postgres"":""18.6"",""pg_lake"":""3.5"",""pg_clickhouse"":""0.10"",""pg_lake_duckdb"":""v1.5.5"",""clickhouse"":""26.9.1.1629""}",
af600ea3,2026-09-25T10:59:15,C,10,D1,L5,c5,warm,1,628.5,ok,13,2df226e9ca353f2fa0c8d1343bb0267b,yes,,0.612,0.0,273,0.118,995,5475,10,join-swap,"{""postgres"":""18.6"",""pg_lake"":""3.5"",""pg_clickhouse"":""0.10"",""pg_lake_duckdb"":""v1.5.5"",""clickhouse"":""26.9.1.1629""}",
af600ea3,2026-09-25T10:59:16,C,10,D1,L5,c5,warm,2,662.8,ok,13,2df226e9ca353f2fa0c8d1343bb0267b,yes,,0.639,0.0,273,0.105,1019,5475,10,join-swap,"{""postgres"":""18.6"",""pg_lake"":""3.5"",""pg_clickhouse"":""0.10"",""pg_lake_duckdb"":""v1.5.5"",""clickhouse"":""26.9.1.1629""}",
af600ea3,2026-09-25T10:59:17,C,10,D1,L5,c5,warm,3,635.8,ok,13,2df226e9ca353f2fa0c8d1343bb0267b,yes,,0.619,0.0,272,0.098,1036,5475,10,join-swap,"{""postgres"":""18.6"",""pg_lake"":""3.5"",""pg_clickhouse"":""0.10"",""pg_lake_duckdb"":""v1.5.5"",""clickhouse"":""26.9.1.1629""}",
af600ea3,2026-09-25T10:59:17,C,10,D1,L5,c5,warm,4,601.6,ok,13,2df226e9ca353f2fa0c8d1343bb0267b,yes,,0.6,0.0,273,0.093,1038,5475,10,join-swap,"{""postgres"":""18.6"",""pg_lake"":""3.5"",""pg_clickhouse"":""0.10"",""pg_lake_duckdb"":""v1.5.5"",""clickhouse"":""26.9.1.1629""}",
af600ea3,2026-09-25T10:59:18,C,10,D1,L5,c5,warm,5,574.8,ok,13,2df226e9ca353f2fa0c8d1343bb0267b,yes,,0.556,0.0,273,0.109,1057,5475,10,join-swap,"{""postgres"":""18.6"",""pg_lake"":""3.5"",""pg_clickhouse"":""0.10"",""pg_lake_duckdb"":""v1.5.5"",""clickhouse"":""26.9.1.1629""}",
af600ea3,2026-09-25T10:59:18,C,10,D1,L5,c5,explain,,,ok,,,,partial,,,,,,,,join-swap,,
af600ea3,2026-09-25T10:59:18,C,10,D1,L5,c6,warmup,0,172.7,ok,1,a7855601849196043e15a2e5b2475b27,yes,,0.015,0.0,269,0.35,1067,22167,154,join-swap,"{""postgres"":""18.6"",""pg_lake"":""3.5"",""pg_clickhouse"":""0.10"",""pg_lake_duckdb"":""v1.5.5"",""clickhouse"":""26.9.1.1629""}",
af600ea3,2026-09-25T10:59:18,C,10,D1,L5,c6,warm,1,76.2,ok,1,a7855601849196043e15a2e5b2475b27,yes,,0.018,0.0,265,0.049,1090,22167,154,join-swap,"{""postgres"":""18.6"",""pg_lake"":""3.5"",""pg_clickhouse"":""0.10"",""pg_lake_duckdb"":""v1.5.5"",""clickhouse"":""26.9.1.1629""}",
af600ea3,2026-09-25T10:59:18,C,10,D1,L5,c6,warm,2,59.4,ok,1,a7855601849196043e15a2e5b2475b27,yes,,0.011,0.0,269,0.042,1091,22167,154,join-swap,"{""postgres"":""18.6"",""pg_lake"":""3.5"",""pg_clickhouse"":""0.10"",""pg_lake_duckdb"":""v1.5.5"",""clickhouse"":""26.9.1.1629""}",
af600ea3,2026-09-25T10:59:19,C,10,D1,L5,c6,warm,3,61.2,ok,1,a7855601849196043e15a2e5b2475b27,yes,,0.012,0.0,272,0.058,1094,22167,154,join-swap,"{""postgres"":""18.6"",""pg_lake"":""3.5"",""pg_clickhouse"":""0.10"",""pg_lake_duckdb"":""v1.5.5"",""clickhouse"":""26.9.1.1629""}",
af600ea3,2026-09-25T10:59:19,C,10,D1,L5,c6,warm,4,67.0,ok,1,a7855601849196043e15a2e5b2475b27,yes,,0.012,0.0,271,0.063,1115,22167,154,join-swap,"{""postgres"":""18.6"",""pg_lake"":""3.5"",""pg_clickhouse"":""0.10"",""pg_lake_duckdb"":""v1.5.5"",""clickhouse"":""26.9.1.1629""}",
af600ea3,2026-09-25T10:59:19,C,10,D1,L5,c6,warm,5,58.8,ok,1,a7855601849196043e15a2e5b2475b27,yes,,0.011,0.0,270,0.044,1115,22167,154,join-swap,"{""postgres"":""18.6"",""pg_lake"":""3.5"",""pg_clickhouse"":""0.10"",""pg_lake_duckdb"":""v1.5.5"",""clickhouse"":""26.9.1.1629""}",
af600ea3,2026-09-25T10:59:19,C,10,D1,L5,c6,explain,,,ok,,,,partial,,,,,,,,join-swap,,
